city,state,2010_c,2011_c,2012_c,2013_c,2014_c,2015_c,2016_c,2017_c
New York city, New York,8193703,8292688,8383504,8458642,8521135,8582459,8615426,8622698
Los Angeles city, California,3796060,3824592,3859267,3891783,3922668,3953459,3981116,3999759
Chicago city, Illinois,2697661,2706670,2717989,2724482,2726533,2725154,2720275,2716450
Houston city, Texas,2099256,2125450,2159824,2198244,2238795,2282235,2304482,2312717
Phoenix city, Arizona,1449039,1467519,1495880,1521182,1547729,1575039,1602042,1626078
Philadelphia city, Pennsylvania,1528271,1539649,1551944,1558109,1564042,1570507,1574765,1580863
San Antonio city, Texas,1333413,1357900,1383505,1408910,1435554,1464147,1487738,1511946
San Diego city, California,1306176,1320638,1338975,1358207,1379123,1391040,1406682,1419516
Dallas city, Texas,1200468,1218631,1242035,1258932,1278504,1299793,1322140,1341075
San Jose city, California,955255,971352,985722,1003735,1016708,1027560,1031942,1035317
Austin city, Texas,806463,828700,854350,874910,900621,919974,938200,950715
Jacksonville city, Florida,823175,829685,837439,843383,853479,866856,880893,892062
San Francisco city, California,805770,816294,830406,841270,853258,866320,876103,884363
Columbus city, Ohio,790812,800388,812275,825906,839646,852305,863741,879170
Fort Worth city, Texas,748569,764088,781040,796161,814571,834968,855504,874168
Indianapolis city (balance), Indiana,821473,827618,835176,844496,849970,854051,857453,863002
Charlotte city, North Carolina,738500,755807,774253,792874,808320,826710,843484,859035
Seattle city, Washington,610333,622532,635974,654176,669641,685447,707255,724745
Denver city, Colorado,603218,619356,633798,648049,663271,681618,694777,704621
Washington city, District of Columbia,605040,620336,635630,650114,660797,672736,684336,693972
Boston city, Massachusetts,620702,630072,641955,652039,661103,669255,678430,685094
El Paso city, Texas,650586,663800,673745,673943,676532,676391,680797,683577
Detroit city, Michigan,711043,704640,699385,690845,681499,678250,675480,673104
Nashville-Davidson metropolitan government (balance), Tennessee,604799,612206,625529,635702,645950,656962,664762,667560
Memphis city, Tennessee,652331,655407,658955,657580,655788,654753,653369,652236
Portland city, Oregon,585340,593965,602955,609059,619740,631731,641494,647805
Oklahoma City city, Oklahoma,582253,590205,600204,611252,620892,631149,639163,643648
Las Vegas city, Nevada,584752,588044,595438,602227,611503,621481,631710,641676
Louisville/Jefferson County metro government (balance), Kentucky,596990,600444,604588,610031,612679,615435,618030,621349
Baltimore city, Maryland,621026,620839,623387,623280,624062,623031,616958,611648
Milwaukee city, Wisconsin,595141,597603,599235,600371,601202,601012,597508,595351
Albuquerque city, New Mexico,546866,551335,553998,555499,555793,556205,557509,558545
Tucson city, Arizona,523832,526615,527439,528067,529392,529880,531547,535677
Fresno city, California,497772,501851,506293,510009,515416,519650,522792,527438
Sacramento city, California,467382,471170,474804,478927,483629,488952,494894,501901
Mesa city, Arizona,440952,446941,455881,463124,470722,479108,487376,496401
Kansas City city, Missouri,460734,462219,464588,467372,470941,475310,482118,488943
Atlanta city, Georgia,422849,431729,443008,447812,455589,463479,472967,486290
Long Beach city, California,462559,465032,467929,469297,470713,471967,470852,469450
Omaha city, Nebraska,450044,452663,455962,458910,460992,463421,465233,466893
Raleigh city, North Carolina,406337,414383,423521,431470,439784,449963,459048,464758
Colorado Springs city, Colorado,420492,427005,432260,437520,441720,448687,457600,464474
Miami city, Florida,400864,410932,416157,421149,431645,442277,456632,463347
Virginia Beach city, Virginia,438921,442868,445286,448226,449355,450864,451404,450435
Oakland city, California,391571,396480,401906,407567,413933,418929,421566,425195
Minneapolis city, Minnesota,383074,388086,392953,400464,407395,411426,415622,422331
Tulsa city, Oklahoma,392403,392768,394482,398294,399779,403060,403333,401800
Arlington city, Texas,366125,370506,375895,379223,382809,388594,394017,396394
New Orleans city, Louisiana,347824,360661,370080,379125,384763,390711,393021,393292
Wichita city, Kansas,382743,383663,385720,387178,388333,389081,390116,390591
Cleveland city, Ohio,395978,392723,391596,391555,390653,389009,387451,385525
Tampa city, Florida,336766,346495,348520,352387,358959,367668,376047,385430
Bakersfield city, California,349322,353836,358317,363998,368461,373253,376944,380874
Aurora city, Colorado,326027,332144,338436,344522,351594,358666,362036,366623
Anaheim city, California,337177,340511,343102,345019,345959,349732,351661,352497
Urban Honolulu CDP, Hawaii,339088,342728,346171,349046,350183,352461,351859,350395
Santa Ana city, California,325427,328571,331222,334538,334398,334472,334953,334136
Riverside city, California,305571,309726,312770,316079,318352,321179,324336,327728
Corpus Christi city, Texas,305331,308113,312358,316941,320630,324683,325763,325605
Lexington-Fayette urban county, Kentucky,296702,301368,305303,308591,310886,315055,319052,321959
Stockton city, California,292497,295208,297162,297743,301373,304723,307270,310496
St. Louis city, Missouri,319365,319102,319363,318575,317732,316257,313144,308626
St. Paul city, Minnesota,285441,288898,291504,295369,297928,300377,303637,306621
Henderson city, Nevada,257567,259434,264287,269529,275920,284087,292005,302539
Pittsburgh city, Pennsylvania,305405,306022,306469,307064,306181,304453,305017,302407
Cincinnati city, Ohio,296794,295990,296691,297451,298153,298860,299127,301301
Anchorage municipality, Alaska,293370,296291,298520,301081,300296,298018,297376,294356
Greensboro city, North Carolina,269581,272624,276222,279482,282476,285034,287018,290222
Plano city, Texas,261236,267175,272414,274771,277914,283006,286132,286143
Newark city, New Jersey,277332,278078,278790,280005,281660,282854,284386,285154
Lincoln city, Nebraska,259169,262498,265764,269192,274019,277387,281236,284736
Orlando city, Florida,239198,243505,249990,255317,262730,270778,277879,280257
Irvine city, California,213435,220454,229456,236574,247804,256186,266385,277453
Toledo city, Ohio,286994,285303,283062,282106,280500,279613,278606,276491
Jersey City city, New Jersey,248639,254094,258703,261109,264009,266286,267446,270753
Chula Vista city, California,244693,248540,252843,257248,260561,265008,267203,270471
Durham city, North Carolina,229177,234071,239843,245625,252003,257389,263138,267743
Fort Wayne city, Indiana,254102,256132,257416,259178,260502,262272,263893,265904
St. Petersburg city, Florida,245216,245877,246782,248661,252635,255668,259919,263255
Laredo city, Texas,237047,241158,245413,249442,252734,255483,258232,260654
Buffalo city, New York,261385,260930,260534,260630,260463,259522,258463,258612
Madison city, Wisconsin,233637,236881,239904,243046,245584,248269,252107,255214
Lubbock city, Texas,230791,233610,236175,239497,244205,247745,251254,253888
Chandler city, Arizona,236486,236861,237682,239905,240898,243681,247838,253458
Scottsdale city, Arizona,217550,220383,224587,227993,232683,239649,246204,249950
Reno city, Nevada,225767,227492,229556,231768,235101,239203,243698,248853
Glendale city, Arizona,226127,228802,232953,236349,238672,241800,244168,246709
Norfolk city, Virginia,243027,243725,246160,245601,246574,246352,245532,244703
Winston-Salem city, North Carolina,230047,232066,234023,235918,238726,240008,241805,244605
North Las Vegas city, Nevada,216889,218821,222663,226355,230019,234062,238495,242975
Gilbert town, Arizona,209446,211427,215885,221603,227297,232399,237135,242354
Chesapeake city, Virginia,223559,225381,228100,230410,233430,235192,237621,240397
Irving city, Texas,216852,219909,225656,228940,232430,236876,239573,240373
Hialeah city, Florida,225474,230548,233237,235359,236426,237920,238098,239673
Garland city, Texas,227289,230006,233600,234558,235325,236742,235868,238002
Fremont city, California,214619,217580,221847,225282,228820,232061,233801,234962
Richmond city, Virginia,204241,206410,210842,214012,217185,220943,225288,227032
Boise City city, Idaho,208579,211430,214600,216358,218437,219724,223361,226570
Baton Rouge city, Louisiana,229514,228699,229144,228702,228435,227864,227352,225374
Des Moines city, Iowa,204902,207442,209956,211551,213887,215152,216582,217521
Spokane city, Washington,209488,208902,209259,209763,210610,212243,215114,217108
San Bernardino city, California,210182,211816,212969,213690,214200,215350,216018,216995
Modesto city, California,203344,204207,205406,206535,208250,209938,212035,214221
Tacoma city, Washington,198204,199461,201505,202161,203742,206774,210304,213418
Fontana city, California,197370,200046,201534,203084,204471,206720,209268,211815
Santa Clarita city, California,204299,205557,206703,207600,208740,209848,210349,210888
Birmingham city, Alabama,211739,211516,210660,211094,210998,211621,211263,210710
Oxnard city, California,198512,200101,201416,203246,205076,206908,208303,210037
Fayetteville city, North Carolina,208318,208765,208877,211033,210089,209714,210934,209889
Rochester city, New York,210480,210859,210868,210900,210228,209511,208710,208046
Moreno Valley city, California,194279,196726,198479,200529,202216,203325,205090,207226
Glendale city, California,191748,192850,194275,195841,198896,199968,201039,203054
Yonkers city, New York,196454,197852,198532,199606,200484,201111,201738,202019
Huntington Beach city, California,191342,193184,194563,197588,200188,201300,201004,201874
Aurora city, Illinois,198195,199086,199671,199919,200345,200566,201228,200965
Salt Lake City city, Utah,186567,188315,189799,191887,191697,192154,194653,200544
Amarillo city, Texas,191255,193763,195360,196173,196997,197628,198576,199826
Montgomery city, Alabama,205616,205193,203814,202226,201243,200798,200066,199518
Grand Rapids city, Michigan,187992,189008,190617,192725,194054,194847,196251,198829
Little Rock city, Arkansas,193899,195048,196228,196830,197235,197864,198307,198606
Akron city, Ohio,198946,198967,198832,198721,198746,198265,197711,197846
Augusta-Richmond County consolidated government (balance), Georgia,196165,195682,196859,196435,196607,196930,197357,197166
Huntsville city, Alabama,180924,182122,183463,185662,187506,189975,191956,194585
Columbus city, Georgia,191110,195332,199051,203274,200714,198882,196307,194058
Grand Prairie city, Texas,175970,178859,181982,183891,185718,188197,191874,193837
Shreveport city, Louisiana,200884,201747,201848,199999,197852,196649,194394,192036
Overland Park city, Kansas,174037,175967,178649,180892,183942,185953,188867,191278
Tallahassee city, Florida,181598,183143,186458,185780,187346,189003,189255,191049
Mobile city, Alabama,194582,193989,193776,193429,192856,192223,191590,190265
Port St. Lucie city, Florida,164850,166319,168036,169643,172993,178081,183837,189344
Knoxville city, Tennessee,178455,180060,181265,182129,183063,184411,185385,187347
Worcester city, Massachusetts,181830,182457,182627,183421,184592,184873,185119,185677
Tempe city, Arizona,162297,164208,168157,170144,174782,178154,183683,185038
Cape Coral city, Florida,154731,157319,160626,164444,168560,173683,178379,183365
Brownsville city, Texas,175378,178084,179518,180643,181730,181768,182736,183299
McKinney city, Texas,132950,137994,143513,149198,156971,163136,172984,181330
Providence city, Rhode Island,178083,178300,178651,178480,179230,179408,179954,180393
Fort Lauderdale city, Florida,166188,169133,171204,172699,175762,178035,179308,180072
Newport News city, Virginia,180921,180135,180100,181364,181653,181083,180388,179388
Chattanooga city, Tennessee,170586,172008,173637,174762,174429,175849,177208,179139
Rancho Cucamonga city, California,166250,168047,170205,171138,173615,174646,176213,177452
Frisco city, Texas,118116,123459,128468,136806,144870,154078,163816,177286
Sioux Falls city, South Dakota,154542,156578,159776,163819,167445,170533,173322,176888
Oceanside city, California,167555,169599,171334,172976,174190,175126,175473,176193
Ontario city, California,164391,165866,166858,167396,168459,170613,172955,175841
Vancouver city, Washington,162893,164309,165325,166909,168755,171739,173957,175673
Santa Rosa city, California,168062,169205,170205,171875,173842,174873,175320,175269
Garden Grove city, California,171228,173137,174166,174852,174934,174906,175206,174226
Elk Grove city, California,153424,155719,158295,160510,163017,166306,169454,171844
Pembroke Pines city, Florida,155193,158255,160381,162386,164484,166272,168597,170712
Salem city, Oregon,155030,155815,157073,158618,160505,163093,166378,169798
Eugene city, Oregon,156506,157153,157976,158248,160058,162815,165665,168916
Peoria city, Arizona,154896,155052,155354,156373,157779,160430,164205,168181
Corona city, California,153193,154911,157726,159139,160838,163600,166507,167836
Springfield city, Missouri,159476,160273,161975,163806,164870,166201,166681,167376
Jackson city, Mississippi,173728,175087,174778,172872,171930,170752,169005,166965
Cary town, North Carolina,136943,142244,146199,151366,155428,159725,162478,165904
Fort Collins city, Colorado,145045,146291,149020,152059,156058,160234,162308,165080
Hayward city, California,144796,146977,149596,151985,154646,158153,159445,160500
Lancaster city, California,156854,158230,158576,159457,160128,160378,160289,160316
Alexandria city, Virginia,140823,144598,147528,150268,151828,154132,157288,160035
Salinas city, California,150820,152571,154197,155477,156336,156960,157618,157596
Palmdale city, California,152999,154186,155228,156947,157326,157619,157472,157519
Lakewood city, Colorado,142799,144057,145350,146845,149389,151956,153929,154958
Springfield city, Massachusetts,153604,153878,154021,154173,154566,154954,154565,154758
Sunnyvale city, California,140502,143944,146757,148411,150120,151855,153797,153656
Hollywood city, Florida,141124,143583,145310,146463,147556,148950,152122,153627
Pasadena city, Texas,149527,151232,152533,153480,154246,154198,154128,153520
Clarksville city, Tennessee,133498,136089,142549,142148,145864,148246,149407,153205
Pomona city, California,149096,149788,150656,151276,152405,152561,152697,152939
Kansas City city, Kansas,145907,146257,147559,148923,150010,151241,152159,152938
Macon-Bibb County, Georgia,155614,156009,156459,154869,154221,153857,153006,152663
Escondido city, California,144464,146225,147834,149111,150085,151119,151717,151969
Paterson city, New Jersey,146499,145981,146944,147313,147605,147829,148031,148678
Joliet city, Illinois,147827,148039,148383,148081,147967,147861,148300,148462
Naperville city, Illinois,142369,143108,143926,144809,146117,146909,147194,147682
Rockford city, Illinois,153166,152108,151253,150584,149371,148465,147800,147051
Torrance city, California,145300,146038,146693,147185,147450,147630,147187,146758
Bridgeport city, Connecticut,144923,146363,147288,148168,148225,147890,147016,146579
Savannah city, Georgia,137519,140615,142573,142821,144277,145652,146264,146444
Killeen city, Texas,128983,130812,134232,136327,137624,140187,142960,145482
Bellevue city, Washington,128294,130160,132086,133814,136179,139352,141249,144444
Mesquite city, Texas,139775,141241,143210,143490,144332,144692,144343,143949
Syracuse city, New York,145283,144664,144641,145406,144815,144400,143941,143396
McAllen city, Texas,131558,133996,135539,136804,138232,139634,141776,142696
Pasadena city, California,137170,137826,138428,139699,140027,141601,142279,142647
Orange city, California,136794,138329,139299,139964,139480,140611,140746,140560
Fullerton city, California,135333,136531,138388,138977,139243,140437,140968,140392
Dayton city, Ohio,142330,141958,141856,141877,140973,140677,140743,140371
Miramar city, Florida,122388,125182,128949,130463,134974,136996,139322,140328
Olathe city, Kansas,126255,128265,129927,131757,132799,134092,135601,137472
Thornton city, Colorado,119376,121701,124172,127328,129805,132474,134859,136978
Waco city, Texas,125405,126471,127459,128909,129745,131687,133321,136436
Murfreesboro city, Tennessee,109605,111758,113882,116880,120589,125644,131433,136372
Denton city, Texas,117052,120198,123660,125184,128403,131276,134385,136268
West Valley City city, Utah,129637,131098,132560,133948,134585,136154,136846,136170
Midland city, Texas,111279,113899,119759,124163,128262,133239,134702,136089
Carrollton city, Texas,119437,122414,125321,126376,128065,132686,133321,135710
Roseville city, California,119809,122653,124424,126801,128456,130118,132873,135329
Warren city, Michigan,134060,134060,134418,135078,135428,135197,135030,135022
Charleston city, South Carolina,120338,122668,124894,126876,128981,131794,133859,134875
Hampton city, Virginia,137343,136567,137099,137301,137675,136296,135332,134669
Surprise city, Arizona,117663,119449,122005,124613,127255,129633,131980,134085
Columbia city, South Carolina,130184,130736,131179,130960,131208,132974,133514,133114
Coral Springs city, Florida,122341,124627,126290,127483,128670,130024,131462,133037
Visalia city, California,124816,125726,126629,127590,128805,129735,131096,133010
Sterling Heights city, Michigan,129704,129947,130520,131309,131919,131875,132334,132631
Gainesville city, Florida,124478,125470,125850,126238,127524,129368,131546,132249
Cedar Rapids city, Iowa,126693,127951,128219,128518,129319,130495,131051,132228
New Haven city, Connecticut,129853,130982,131247,131181,130797,130616,130768,131014
Stamford city, Connecticut,122839,124182,125222,126708,128277,128794,129654,130824
Elizabeth city, New Jersey,125343,126108,127266,128307,129062,129315,129882,130215
Concord city, California,122521,123588,124840,126088,127346,128464,129172,129783
Thousand Oaks city, California,126754,127452,127898,128528,129004,129098,129038,128995
Kent city, Washington,119002,120859,123053,124511,125546,126804,127694,128458
Santa Clara city, California,116838,117994,119646,120822,122304,126274,126697,127134
Simi Valley city, California,124495,125156,125524,126179,126611,126589,126518,126878
Lafayette city, Louisiana,121770,122525,123536,124837,126092,127068,127429,126848
Topeka city, Kansas,127909,128189,128066,127692,127420,127259,126787,126587
Athens-Clarke County unified government (balance), Georgia,116213,117163,118860,119804,119424,122557,123670,125691
Round Rock city, Texas,100759,103866,106542,109611,112750,116036,120848,123678
Hartford city, Connecticut,125403,125572,125399,125420,124863,124510,123853,123400
Norman city, Oklahoma,111385,113766,115521,118002,117567,119518,121317,122843
Victorville city, California,116322,118009,120040,120968,121418,121817,122096,122441
Fargo city, North Dakota,105935,107703,110237,113817,115803,118147,120356,122359
Berkeley city, California,112893,114034,115476,117141,118925,120905,121672,122324
Vallejo city, California,116196,116827,117799,118789,119913,120887,121376,122105
Abilene city, Texas,117807,118764,119852,119745,120450,121490,121590,121885
Columbia city, Missouri,109403,111355,113466,115415,117020,118565,120412,121717
Ann Arbor city, Michigan,114093,115345,115787,116413,118308,119624,120713,121477
Allentown city, Pennsylvania,118111,118762,118926,118913,119320,120324,120670,121283
Pearland city, Texas,94075,96392,99457,103068,106253,111644,116360,119940
Beaumont city, Texas,117364,117814,116882,117993,117651,118392,118921,119114
Wilmington city, North Carolina,106713,108134,109682,111708,113384,115126,116985,119045
Evansville city, Indiana,120092,120201,120355,120464,120365,119888,119357,118930
Arvada city, Colorado,106794,107900,110036,111688,113497,115171,117477,118807
Provo city, Utah,112917,115218,115574,116395,115639,114862,116822,117335
Independence city, Missouri,116871,116861,117300,117310,117581,117315,117365,117306
Lansing city, Michigan,114270,114317,114280,114236,114497,114731,115797,116986
Odessa city, Texas,99825,102012,105933,110241,114546,118563,117172,116861
Richardson city, Texas,99555,101636,103653,105130,109009,110622,113608,116783
Fairfield city, California,105557,106257,107579,109255,110913,112642,114776,116266
El Monte city, California,113659,114174,115044,115663,115947,116191,115983,116109
Rochester city, Minnesota,107011,108071,108915,110456,111186,112089,113964,115733
Clearwater city, Florida,108817,108973,109354,110128,111100,112962,114194,115513
Carlsbad city, California,105936,107799,109394,111154,112148,113250,113920,115330
Springfield city, Illinois,116603,117217,117352,117037,116830,116515,115734,114868
Temecula city, California,100755,102746,104470,106289,108926,111418,112673,114327
West Jordan city, Utah,104032,106430,108203,109943,110589,111553,113484,113905
Costa Mesa city, California,110168,111099,111819,112299,112558,112889,113018,113825
Miami Gardens city, Florida,107530,110021,111395,112297,112649,113494,113714,113750
Cambridge city, Massachusetts,105028,105906,106298,108026,110056,110516,112183,113630
College Station city, Texas,94655,95711,97769,100588,103312,108731,110908,113564
Murrieta city, California,104123,105330,106551,107462,108191,109571,111719,113326
Downey city, California,111807,112335,112829,113165,113469,113693,113402,113092
Peoria city, Illinois,114934,115326,115669,116479,115869,115171,114351,112883
Westminster city, Colorado,106456,107637,108983,110255,111360,112222,112798,112812
Elgin city, Illinois,108322,109132,109671,110170,111108,112124,112517,112456
Antioch city, California,103106,104266,105714,107538,109278,110464,111224,111674
Palm Bay city, Florida,103335,103343,104077,104618,105567,107541,109650,111657
High Point city, North Carolina,104677,105838,106607,107614,108811,110305,111214,111513
Lowell city, Massachusetts,106739,107726,108816,109971,110600,111341,111472,111346
Manchester city, New Hampshire,109627,109853,110272,110314,110421,110295,110747,111196
Pueblo city, Colorado,106831,107159,107505,107708,107816,108904,110044,111127
Gresham city, Oregon,105993,107423,108503,109048,109832,110298,111420,111053
North Charleston city, South Carolina,97963,99941,102163,104268,107017,109044,109732,110861
San Buenaventura (Ventura) city, California,107476,108440,109236,109622,109869,110093,110404,110790
Inglewood city, California,109710,110647,111139,111288,111246,111154,110800,110598
Pompano Beach city, Florida,100076,101803,103038,104411,105837,107320,109634,110473
Centennial city, Colorado,100966,102345,104032,106408,107221,108848,109498,110250
West Palm Beach city, Florida,100681,101380,102483,103428,104426,107021,108818,110222
Everett city, Washington,103255,103508,104516,105174,106522,107111,108974,110079
Richmond city, California,103668,104964,106182,107276,108130,109221,109802,110040
Clovis city, California,96261,97515,98640,99735,102056,104014,106550,109691
Billings city, Montana,104514,105440,106776,108485,108350,109506,109482,109642
Waterbury city, Connecticut,110403,110207,110139,109980,109708,109190,108750,108629
Broken Arrow city, Oklahoma,99252,100153,102156,103597,104939,106767,107737,108303
Lakeland city, Florida,97737,98922,99118,100468,102239,103806,106100,108054
West Covina city, California,106156,106843,107329,107653,107824,107969,107935,107598
Boulder city, Colorado,98770,101049,102053,103607,105281,107462,107844,107125
Daly City city, California,101293,102558,104116,105217,106163,106773,107112,107074
Santa Maria city, California,99714,100440,101393,102392,103404,104876,106302,107014
Hillsboro city, Oregon,92529,94014,96117,98031,99698,102496,104888,106894
Sandy Springs city, Georgia,94278,96799,99036,99496,101604,105049,105625,106739
Norwalk city, California,105570,106011,106210,106410,106540,106644,106314,106084
Jurupa Valley city, California,95625,97274,98495,99643,100276,101669,103440,106028
Lewisville city, Texas,95855,97510,99591,101048,102773,103641,104626,106021
Greeley city, Colorado,93211,94238,95143,96325,98152,100607,103369,105448
Davie town, Florida,92331,94512,95940,97847,99540,101654,103591,105149
Green Bay city, Wisconsin,103972,104357,104686,104638,104668,104806,104728,105116
Tyler city, Texas,97171,97977,98912,99748,101494,102721,103930,104991
League City city, Texas,84077,86308,88287,90887,94322,98179,102093,104903
Burbank city, California,103396,103864,104331,104666,104785,104908,104599,104834
San Mateo city, California,97425,98622,100023,101565,102973,103754,104603,104748
Wichita Falls city, Texas,104829,104026,104676,104942,105277,103863,104211,104747
El Cajon city, California,99771,100813,101645,102441,102969,103445,103793,103894
Rialto city, California,99391,100684,101473,101784,102307,102781,103171,103562
Davenport city, Iowa,99663,100227,101106,101964,102343,102410,102385,102320
South Bend city, Indiana,101185,101180,100984,101161,101445,101733,102022,102245
Las Cruces city, New Mexico,98352,100143,100906,100877,100885,100738,100973,101712
Vista city, California,93734,94756,95798,96731,97562,100236,101420,101568
Renton city, Washington,92295,94096,95940,97172,98509,100157,101142,101379
Sparks city, Nevada,91209,91716,92585,93559,94891,96132,98622,100888
Allen city, Texas,84925,87724,89840,92195,94120,98044,99338,100685
Tuscaloosa city, Alabama,90537,91408,92649,94148,95941,97795,98767,100287
San Angelo city, Texas,93625,94536,95860,97108,98658,99803,99956,100119
Vacaville city, California,92582,93290,93781,94170,95605,96512,98313,100032
Meridian city, Idaho,76719,78927,81369,84336,88443,91360,95436,99926
Kenosha city, Wisconsin,99385,99558,99873,99710,99719,99444,99371,99877
Roanoke city, Virginia,96750,96846,98098,98938,99520,99823,99743,99837
Albany city, New York,97756,98025,98550,98734,98673,98478,98387,98251
Boca Raton city, Florida,85160,86472,87717,89810,91479,93746,96607,98150
Spokane Valley city, Washington,90030,90660,90646,91356,92752,94359,95851,97847
Orem city, Utah,88720,89634,90602,91555,91580,94012,97111,97839
Compton city, California,96481,97047,97576,97875,97966,98012,97710,97612
Beaverton city, Oregon,90146,91364,92388,93205,94632,95851,97422,97514
Erie city, Pennsylvania,101758,101543,101322,100546,99721,99037,98289,97369
Lee's Summit city, Missouri,91521,91884,92370,92998,93796,94927,96134,97290
Lawrence city, Kansas,88096,89067,89881,91061,92625,93830,95363,96892
Federal Way city, Washington,89518,90644,91922,92716,93348,94970,96775,96690
Flint city, Michigan,102024,101220,100187,99423,98548,97738,96985,96448
San Marcos city, California,83972,85109,87012,89658,92665,93537,95346,96198
Rio Rancho city, New Mexico,87944,89413,90350,91221,91852,92980,94346,96159
Sandy city, Utah,90005,90916,91796,92543,93260,94529,96355,96145
Mission Viejo city, California,93259,94128,94832,96252,96924,96877,96519,96016
Brockton city, Massachusetts,93796,94110,94030,94377,94839,95434,95373,95672
Yuma city, Arizona,91326,94121,93524,92711,93146,93405,94431,95502
South Gate city, California,94463,94702,94797,94941,95072,95983,95692,95430
New Bedford city, Massachusetts,95052,94896,95010,95103,95159,95166,95143,95120
Hesperia city, California,90370,91316,91786,92036,92372,92980,93568,94859
Roswell city, Georgia,88811,91033,93368,93785,93832,94072,94601,94786
Portsmouth city, Virginia,95449,95738,96465,96069,95802,96241,94997,94572
Bend city, Oregon,76636,77518,78559,80852,83472,86242,90615,94520
Dearborn city, Michigan,97845,97115,96775,95929,95822,95327,94819,94491
Longmont city, Colorado,86400,87539,88716,90022,90381,91935,92917,94341
Sunrise city, Florida,84540,86323,88693,89934,90931,92232,93873,94323
Quincy city, Massachusetts,92455,92548,92956,93474,93661,93758,94053,94166
Livonia city, Michigan,96705,96167,95901,95187,95163,94767,94359,94105
Lynn city, Massachusetts,90521,90704,91415,92022,92547,93261,93420,94063
Plantation city, Florida,85330,86905,88053,90248,91263,92237,92996,93909
Lawton city, Oklahoma,97854,98130,98185,96510,96338,95446,93763,93714
Yakima city, Washington,91651,92654,92770,92839,92850,93069,93476,93667
Nampa city, Idaho,81945,82637,83830,86229,87760,89356,90917,93590
Chico city, California,86716,87212,87896,88358,89493,90414,91658,93293
Carson city, California,91626,91792,92365,92787,92994,93104,92986,92735
Miami Beach city, Florida,88090,90026,91026,91712,91949,92518,92510,92307
Santa Monica city, California,89782,90578,91532,92305,92404,92787,92603,92306
Carmel city, Indiana,79767,81635,83556,85830,86454,87896,90861,92198
Greenville city, North Carolina,84950,86141,87510,88749,89179,90473,91196,92156
Santa Barbara city, California,88486,88730,89520,90369,91144,91622,91916,92101
Concord city, North Carolina,79482,80661,82095,83394,85404,87449,89720,92067
Edmond city, Oklahoma,81458,82849,84820,86897,88587,90063,91370,91950
Asheville city, North Carolina,83403,84391,85276,86317,87828,89347,91190,91902
Fishers city, Indiana,77802,80447,82316,84370,86860,88743,89903,91832
Redding city, California,89903,90187,90421,90796,91192,91045,91308,91794
Westminster city, California,89789,90792,91397,91832,91806,91856,91809,91564
Tracy city, California,83569,84319,84824,85006,85864,87064,89290,90889
Deltona city, Florida,85088,84974,85167,85634,86383,87852,89410,90746
Menifee city, California,78080,79867,81292,83358,84875,86799,88465,90595
San Leandro city, California,85118,85970,87115,88237,89386,90663,90807,90553
Livermore city, California,81593,82635,83970,85613,87201,88374,89682,90295
Edinburg city, Texas,76807,79015,80377,82521,84551,86102,87179,90280
Suffolk city, Virginia,84820,84754,85251,85770,86880,88103,89294,90237
Chino city, California,78563,79547,79959,80846,84383,85282,87599,89797
Indio city, California,79638,81088,82373,83526,85341,87170,88468,89793
Fall River city, Massachusetts,88873,88823,88857,89023,89180,89367,89355,89420
Bellingham city, Washington,81334,81883,82347,82669,83401,84976,86926,89045
Norwalk city, Connecticut,86009,86759,87386,88012,88251,88550,88904,89005
Newton city, Massachusetts,85334,85786,87034,87636,88311,88730,88742,88994
Kirkland city, Washington,80825,82014,83362,84532,85907,87055,87636,88630
Sugar Land city, Texas,79096,80380,81665,83552,86482,87815,88114,88485
Reading city, Pennsylvania,88123,88252,88234,88375,88281,88163,88207,88423
Nashua city, New Hampshire,86578,86672,86644,86979,87241,87696,87929,88341
Fort Smith city, Arkansas,86290,87134,87521,87298,87083,87668,87675,88037
Citrus Heights city, California,83365,83903,84489,85123,85891,86759,87380,87931
Hawthorne city, California,84319,85020,85555,86106,87046,88025,88104,87854
Waukegan city, Illinois,89139,88946,88773,88883,88790,88380,88219,87729
O'Fallon city, Missouri,79854,81050,82039,83072,84174,85030,86477,87597
Champaign city, Illinois,81424,82209,83011,83813,84613,85808,86877,87432
Ogden city, Utah,83048,83269,83845,84173,84361,85254,86725,87031
Whittier city, California,85339,85723,86157,86561,86774,87040,86989,86838
Redwood City city, California,77044,78050,79347,81225,82960,85476,85479,86685
Mount Pleasant town, South Carolina,67965,69289,71660,74407,77395,81045,83856,86668
Clifton city, New Jersey,84201,84888,85153,85597,86095,86320,86414,86607
Palm Coast city, Florida,75500,76654,77412,78481,80194,82159,84446,86516
Newport Beach city, California,85358,86168,86706,87101,86956,86882,86842,86160
Duluth city, Minnesota,86189,86226,86150,86038,86101,86002,86101,86066
Bloomington city, Minnesota,83038,83945,84908,85167,85126,85273,85572,85866
Alhambra city, California,83180,83685,84309,84570,85074,85173,85615,85396
Fayetteville city, Arkansas,73952,75503,76793,78497,80255,82141,83327,85257
Danbury city, Connecticut,81355,82222,82899,83852,83908,84500,85385,85246
Hemet city, California,79202,80382,81246,81969,82817,83606,84419,85160
Bloomington city, Indiana,80602,81489,82126,82415,83311,83636,84400,85071
Trenton city, New Jersey,85024,85011,85030,85138,84937,84621,84635,84964
Hoover city, Alabama,80833,81363,82674,83280,83705,84294,84551,84920
Largo city, Florida,79284,79389,79678,80383,80869,81977,84161,84754
Mission city, Texas,78110,79690,80862,81546,82347,83176,83740,84424
St. George city, Utah,72842,73799,75032,76319,77998,79614,81631,84405
Conroe city, Texas,65265,66984,69231,70279,73337,75907,81630,84378
Johns Creek city, Georgia,77099,79328,81986,82563,82939,83187,83965,84350
Lake Forest city, California,77574,78380,78888,79306,79911,82236,83337,84293
Avondale city, Arizona,76220,77145,78525,79451,80307,81457,82716,84025
Bryan city, Texas,76520,77187,77826,78984,80606,81955,83188,84021
Troy city, Michigan,81014,81530,82094,82766,83108,83219,83717,83813
Santa Fe city, New Mexico,81030,81621,82022,82339,82594,82880,83287,83776
Merced city, California,79147,79804,80400,80919,81393,82108,82630,83081
Buena Park city, California,80807,81631,82211,82916,82864,83041,83298,83015
Pleasanton city, California,70393,71190,72227,74179,77635,79391,82467,83007
Cicero town, Illinois,84270,84391,84531,84561,84377,83902,83323,82552
Sioux City city, Iowa,82822,83009,82656,82526,82449,82627,82759,82514
Melbourne city, Florida,76417,76602,76953,77516,78428,79524,80844,82011
Medford city, Oregon,74990,75515,76069,76778,77692,79420,80557,81780
Westland city, Michigan,83948,83461,83237,82531,82489,82171,81907,81747
Kennewick city, Washington,74440,75573,75935,76601,77317,78704,80077,81607
Longview city, Texas,80565,80994,81149,81241,81250,81875,81690,81522
Mountain View city, California,74270,75194,76684,78155,79349,80477,80963,81438
Somerville city, Massachusetts,75826,76656,77610,78706,79015,79832,81106,81360
Cranston city, Rhode Island,80445,80511,80656,80651,80963,81051,81065,81202
Farmington Hills city, Michigan,79743,80215,80737,81242,81446,81253,81182,81050
Lynchburg city, Virginia,75565,76618,77285,77999,78134,79146,79912,80995
Lakewood city, California,80068,80470,80823,81075,81173,81238,81235,80967
Warwick city, Rhode Island,82584,81970,81633,81490,81667,81070,80958,80871
Auburn city, Washington,70388,71587,73335,74839,76005,77129,78327,80776
Brooklyn Park city, Minnesota,75965,76890,77943,78550,78881,79330,79972,80581
Deerfield Beach city, Florida,75192,76542,77510,78174,78814,79610,80151,80571
Tustin city, California,75491,76301,77730,78314,80377,80352,80540,80498
Chino Hills city, California,74985,75702,76163,76440,76693,78032,78652,80374
Lawrence city, Massachusetts,76575,77291,77926,78416,79201,79784,79922,80162
New Rochelle city, New York,77245,77802,78525,79605,79792,79987,80108,79946
Fort Myers city, Florida,62506,63820,65541,67861,70547,73545,76741,79943
Goodyear city, Arizona,65473,66565,67802,70376,72339,74817,77411,79858
Napa city, California,77229,77824,78395,78989,79703,80045,80111,79774
Springdale city, Arkansas,71093,72322,73506,74934,76043,77303,78419,79599
Pharr city, Texas,70788,72117,73280,74207,75494,76673,77848,79487
Manteca city, California,67677,69246,70956,71871,73287,75192,76935,79268
Alameda city, California,73968,74750,75775,76640,77688,78583,79199,79177
Parma city, Ohio,81472,80982,80643,80412,80127,79998,79591,79167
New Braunfels city, Texas,58109,59364,60918,63065,65922,70136,73319,79152
Plymouth city, Minnesota,70710,71704,73134,74166,75236,76104,77447,78395
Franklin city, Tennessee,62849,64333,66286,68834,70546,72505,74685,78321
Milpitas city, California,66743,67183,69005,70108,73726,77611,77957,78106
Folsom city, California,72179,72636,73183,72946,75136,76121,77180,78038
Bloomington city, Illinois,76816,77215,77893,79091,78703,78202,78181,77934
Perris city, California,69001,70469,71331,72436,73667,74829,76284,77879
Bellflower city, California,76630,77006,77359,77601,77778,78081,77918,77772
Boynton Beach city, Florida,68342,68843,70040,71335,73259,74144,75957,77702
Scranton city, Pennsylvania,76089,75924,76022,75812,75400,77127,77199,77605
Racine city, Wisconsin,78737,78454,78195,78082,77924,77591,77479,77542
Lake Charles city, Louisiana,72167,72477,73282,73487,74125,75290,76044,77117
Upland city, California,73893,74517,75038,75328,75710,76159,76552,76999
Baytown city, Texas,71865,72646,73409,75428,76040,76353,76443,76804
Loveland city, Colorado,67049,69131,70147,71042,72159,74532,76080,76701
Layton city, Utah,67821,68504,68913,71016,72395,74008,75583,76691
Flower Mound town, Texas,64861,66016,67771,68360,69535,70935,73503,76681
Hammond city, Indiana,80714,80181,79625,78996,78561,77735,77230,76618
Gastonia city, North Carolina,71725,71921,72540,72851,73263,74136,75125,76593
St. Joseph city, Missouri,76676,77169,77331,77254,77046,76633,76740,76442
Baldwin Park city, California,75441,75834,76351,76573,76639,76726,76566,76402
Gary city, Indiana,80211,79706,79192,78597,78085,77267,76595,76008
Wyoming city, Michigan,72131,72694,73428,74203,74866,75201,75542,75938
San Ramon city, California,71614,72236,72967,73701,74484,75260,75810,75931
Jonesboro city, Arkansas,67555,68943,70352,71506,72204,73641,74683,75866
Kalamazoo city, Michigan,74334,74658,75478,75708,76022,75791,75766,75807
Iowa City city, Iowa,67994,68943,69977,71154,72459,73253,74407,75798
Bethlehem city, Pennsylvania,74995,75080,75089,74929,75057,75084,75402,75707
Cedar Park city, Texas,55755,58836,61529,64855,67234,69636,72630,75704
Arlington Heights village, Illinois,75261,75491,75889,76086,76136,76014,75908,75634
Union City city, California,69631,70643,71762,72694,73642,74445,75558,75343
Bolingbrook village, Illinois,73479,73772,73955,73926,74082,74213,74496,75201
Warner Robins city, Georgia,69402,70918,71937,72661,73334,73475,74377,74854
Evanston city, Illinois,74594,75108,75699,75957,76007,75695,75338,74756
Appleton city, Wisconsin,72739,72960,73169,73626,74021,74173,74447,74653
Camden city, New Jersey,77010,77306,77058,76728,76219,75826,74513,74532
Temple city, Texas,66609,67104,68739,69546,70208,71730,72967,74503
Missouri City city, Texas,67065,67636,68321,69599,71293,73668,74312,74497
Rapid City city, South Dakota,68620,69031,70153,71181,72453,72817,73407,74421
Rochester Hills city, Michigan,71039,71597,72306,72913,73115,73392,73532,74205
Schaumburg village, Illinois,74295,74507,74740,74872,74885,74670,74692,74184
Rancho Cordova city, California,65080,66007,66803,67823,69513,70756,72273,73563
Turlock city, California,68768,69217,69748,70319,70970,71909,72751,73556
Missoula city, Montana,66962,67551,68380,68803,69530,70592,72003,73340
Southfield city, Michigan,71760,72131,72548,73128,73409,73152,73165,73208
Albany city, Georgia,77420,77889,77529,76390,75942,74929,73953,73179
Apple Valley town, California,69313,70069,70480,70832,71298,71921,72426,73077
Rock Hill city, South Carolina,66559,67280,67819,68476,69357,70866,72108,73068
Pasco city, Washington,62939,65588,67799,68527,69593,70403,71619,73013
Bismarck city, North Dakota,61562,62966,64931,67249,69012,71267,72332,72865
New Britain city, Connecticut,73273,73348,73288,73218,73162,73322,72923,72710
Waukesha city, Wisconsin,71223,71235,71738,71776,72000,72352,72399,72489
Jacksonville city, North Carolina,77854,74955,76122,75418,73959,74021,72444,72447
Lafayette city, Indiana,68896,69788,69937,70780,70822,71137,71941,72390
Decatur city, Illinois,76140,75944,75473,74980,74219,73388,72805,72174
Pittsburg city, California,63535,64592,65618,66762,68103,69363,70900,72141
Pawtucket city, Rhode Island,71208,71292,71438,71500,71662,71757,71867,72001
Flagstaff city, Arizona,66145,66080,67900,68028,68502,69895,71060,71975
Lauderhill city, Florida,67104,68290,69129,69697,70346,71162,71649,71970
Gulfport city, Mississippi,67897,68810,69740,70759,71109,71262,71523,71822
Redlands city, California,68813,69359,69728,69924,70364,70797,71196,71554
Frederick city, Maryland,65478,66007,66479,66952,68433,69555,70180,71408
Passaic city, New Jersey,69906,70325,70361,70671,71040,71137,71148,71247
Wilmington city, Delaware,70753,70892,71189,71326,71393,71372,71244,71106
Kissimmee city, Florida,59759,61400,63542,65070,66691,68744,69345,71104
Lynwood city, California,69615,69734,70728,71340,71427,71668,71294,71099
Maple Grove city, Minnesota,61780,63204,64537,65512,67024,68477,69784,71066
South Jordan city, Utah,51306,53355,55903,59260,62554,66208,68679,70954
Weston city, Florida,65592,66867,67797,68480,69145,69931,70484,70944
Canton city, Ohio,73073,72823,72791,72550,72283,71823,71294,70909
Georgetown city, Texas,48000,50316,52526,54886,59065,63608,67068,70685
North Richland Hills city, Texas,63480,64309,65284,67270,68413,69087,69891,70441
Union City city, New Jersey,66508,67736,68505,69250,69680,69680,70167,70387
St. Charles city, Missouri,66300,66508,66879,68058,68477,69022,69327,70329
Homestead city, Florida,60814,62648,63687,64859,66064,67112,68944,69907
Walnut Creek city, California,64338,64880,65630,66933,67635,68853,69332,69773
Woodbury city, Minnesota,62249,63550,64470,65545,66665,67532,68616,69756
Davis city, California,65590,65696,65879,66322,66691,67481,68118,68986
Mansfield city, Texas,56860,58207,59625,61197,62617,64707,66271,68928
Marysville city, Washington,60180,61217,62283,63154,64904,66532,67565,68864
Delray Beach city, Florida,60787,61491,62309,64256,65148,66381,67670,68749
Gaithersburg city, Maryland,60183,61537,63148,65894,66834,67459,68158,68710
Mount Vernon city, New York,67416,67846,68021,68435,68610,68787,68824,68703
Palatine village, Illinois,68616,68850,69139,69347,69414,69326,69047,68644
Muncie city, Indiana,70178,70370,69714,69673,69586,69148,68907,68625
Eau Claire city, Wisconsin,66286,66830,67328,67863,67705,67696,68226,68587
Bossier City city, Louisiana,61981,63348,65241,65985,66910,68037,68071,68554
Buckeye city, Arizona,51393,52520,54415,56616,59109,61636,64639,68453
Rockville city, Maryland,61492,62146,63262,63880,65596,66954,67331,68401
Broomfield city, Colorado,56214,57445,58899,60065,61706,64796,66509,68341
Yorba Linda city, California,64407,65679,66419,66972,67565,67755,68296,68229
Greenville city, South Carolina,59301,59719,60078,60536,61349,63384,66928,68219
Dothan city, Alabama,65953,66475,67083,67540,68009,68192,68172,68202
Daytona Beach city, Florida,61622,61715,62214,62989,63614,65038,67139,68055
St. Cloud city, Minnesota,65940,65886,65945,66120,66508,67223,67590,67984
Redondo Beach city, California,66940,67255,67578,67804,67892,68023,68109,67908
Camarillo city, California,65293,65606,65807,66068,66736,67446,67468,67845
Waterloo city, Iowa,68397,68399,68396,68525,68437,68377,67868,67587
Kenner city, Louisiana,66723,66883,66953,67051,67080,67234,67449,67451
South San Francisco city, California,63752,64542,65742,66421,67021,67406,67397,67429
Bayonne city, New Jersey,63125,64250,64911,65737,66727,66825,67076,67186
Palo Alto city, California,64576,65432,66258,66800,67031,66904,67490,67178
Victoria city, Texas,62676,63097,64210,64976,65887,67148,67383,67106
Bowling Green city, Kentucky,59238,59835,60718,61987,62741,64126,65539,67067
Portland city, Maine,66086,66164,66267,66385,66661,66777,66892,66882
Yuba City city, California,65650,65419,65382,65667,65888,66290,66429,66860
Jackson city, Tennessee,66841,66715,67051,67462,67071,66729,66751,66847
Oshkosh city, Wisconsin,66169,66211,66717,66794,66649,66526,66492,66665
Eagan city, Minnesota,64200,64494,64902,65445,66017,66210,66302,66627
Ames city, Iowa,59058,60199,61230,62763,64429,65474,65838,66498
Rogers city, Arkansas,56259,58045,59410,60427,61831,63352,65011,66430
Lake Elsinore city, California,53744,55227,56231,57927,60357,62222,64088,66411
Johnson City city, Tennessee,63633,64021,64452,64787,65196,65552,66233,66391
Laguna Niguel city, California,63131,63834,64262,64538,65270,65612,65382,66334
North Port city, Florida,57404,57751,58476,59199,60431,62362,64439,66300
North Little Rock city, Arkansas,62452,63444,64579,65869,66583,66314,66066,65911
Lodi city, California,62280,62817,63180,63290,63792,64401,64695,65884
Alpharetta city, Georgia,57701,59223,61680,62020,62840,63494,65451,65799
Conway city, Arkansas,59588,61519,62680,63229,64045,64395,64854,65782
Tamarac city, Florida,60431,61538,62332,62884,63416,64203,65146,65669
Schenectady city, New York,66156,66131,66151,65952,65968,65659,65268,65625
West Des Moines city, Iowa,56858,57559,58126,59704,61798,63487,64587,65608
Shawnee city, Kansas,62319,62994,63551,64225,64432,64894,65210,65513
Madera city, California,61524,61893,62442,62846,63416,63969,64545,65508
Harlingen city, Texas,65062,65578,65695,65653,65524,65289,65355,65467
East Orange city, New Jersey,64203,64494,64500,64719,64962,65255,65359,65378
San Clemente city, California,63603,64302,64727,64989,65123,65340,65411,65267
Santa Cruz city, California,60591,61480,62040,62846,63299,64238,64545,65021
Jupiter town, Florida,55510,56264,57295,58625,60961,63037,64236,64976
Wellington village, Florida,56851,57535,58665,60407,61673,62802,64351,64848
Rocklin city, California,57462,58434,58998,59670,60132,61001,62733,64838
Youngstown city, Ohio,66907,66573,66074,65469,65151,64704,64360,64604
Blaine city, Minnesota,57406,58188,59448,60537,61442,62446,63335,64557
Sammamish city, Washington,57622,58706,59973,61058,62127,63077,63580,64548
Eden Prairie city, Minnesota,60900,61673,62422,62738,63393,63669,64082,64400
Janesville city, Wisconsin,63585,63409,63481,63650,63837,63865,64029,64359
Redmond city, Washington,54504,55457,56539,57449,59160,60378,62359,64291
Skokie village, Illinois,64895,65053,65220,65300,65215,64913,64529,63978
Auburn city, Alabama,53753,54912,57029,58662,60236,61657,62703,63973
Tulare city, California,59463,59883,60781,61102,61662,62153,62808,63855
Lorain city, Ohio,64071,63924,63735,63687,63728,63617,63700,63841
Lakeville city, Minnesota,56160,56714,57490,58738,59999,60802,62000,63748
Haverhill city, Massachusetts,60989,61499,61843,62270,62587,62896,63252,63639
Cheyenne city, Wyoming,59884,60299,61555,62245,62440,63026,63601,63624
Pico Rivera city, California,62967,63285,63567,63768,63853,63923,63732,63522
Pflugerville city, Texas,48715,50286,51974,53818,54715,57242,59507,63359
Eastvale city, California,54053,55056,55816,56537,57798,59783,61369,63211
Port Orange city, Florida,56615,56717,56994,57540,59044,60236,61531,63203
Montebello city, California,62508,62975,63264,63454,63537,63626,63415,63192
Encinitas city, California,59689,60311,60991,61677,62169,62758,63124,63184
San Marcos city, Texas,45245,47642,49936,54333,58905,60228,61458,63071
Rowlett city, Texas,56344,56999,57736,58069,58408,60254,62190,62868
Lehi city, Utah,48156,49700,51343,54153,56023,58095,60743,62712
Coon Rapids city, Minnesota,61531,61550,61960,62083,62190,62310,62452,62656
Grand Junction city, Colorado,59102,59710,59882,60013,59861,60588,61448,62475
La Habra city, California,60393,61000,61382,61667,61893,61961,61797,62466
Waltham city, Massachusetts,60859,61351,62047,62430,63139,63096,63052,62442
Brentwood city, California,51823,52753,53592,55021,56978,58905,60688,62433
Ankeny city, Iowa,45837,47038,48358,50778,53297,56114,58639,62416
Springfield city, Oregon,59411,59728,59848,59916,60060,60370,61417,62353
Council Bluffs city, Iowa,62368,62487,62137,62069,62338,62511,62425,62316
Castle Rock town, Colorado,48592,49674,50982,52616,55114,57112,59255,62276
North Miami city, Florida,59773,61062,61712,62166,62259,62512,62430,62225
Hamilton city, Ohio,62327,62300,62197,62218,62336,62255,62157,62092
Noblesville city, Indiana,52720,54044,55325,56649,57557,58638,60215,61882
Moore city, Oklahoma,55397,56650,57782,58287,58949,60046,60976,61523
Burnsville city, Minnesota,60379,60645,60876,61170,61318,61186,61278,61439
National City city, California,58634,59089,59468,59888,60271,60885,61160,61363
Taylor city, Michigan,62978,62593,62397,61869,61970,61675,61435,61276
Malden city, Massachusetts,59592,60030,60524,60984,61176,61416,61336,61246
Doral city, Florida,45954,47525,48461,50713,54478,56461,58680,61130
Idaho Falls city, Idaho,57258,57763,58115,58288,58581,59092,60005,61076
Marietta city, Georgia,56836,57550,58379,59014,59836,60180,60966,61048
Monterey Park city, California,60237,60531,60786,60969,61042,61152,61117,61044
Coconut Creek city, Florida,53082,54239,55101,56935,58579,59303,59845,61010
Dublin city, California,45910,46838,48784,52131,54673,57635,59682,60939
Petaluma city, California,58020,58255,58785,59415,59842,60411,60593,60870
Cupertino city, California,58719,59244,59915,60356,60751,60624,61016,60777
Terre Haute city, Indiana,60781,60963,61129,60867,60730,60547,60602,60774
Utica city, New York,62210,62061,61906,61761,61424,61065,60716,60635
Vineland city, New Jersey,60829,61047,61080,61081,61138,60867,60653,60392
Lakewood city, Washington,57585,57925,58095,58143,58567,58864,59738,60296
Gardena city, California,58850,59181,59500,59949,60041,60172,60138,60224
Bristol city, Connecticut,60497,60638,60697,60683,60666,60599,60380,60223
Millcreek city, Utah,58847,59432,59907,60357,60260,60273,60416,60192
La Mesa city, California,57157,57692,58203,58680,59004,59872,59955,60021
Woodland city, California,55547,55744,56281,56732,57376,58404,59102,60012
Taylorsville city, Utah,58756,59800,60264,60632,60441,60409,60452,59992
West Allis city, Wisconsin,60436,60535,60755,60839,60809,60757,60392,59934
Meriden city, Connecticut,60879,60792,60756,60649,60509,60207,59898,59927
Chapel Hill town, North Carolina,57395,57420,58702,58852,59125,59117,59283,59862
Pontiac city, Michigan,59618,59763,60107,60218,60202,60004,59894,59792
Novi city, Michigan,55280,55970,56918,57953,58426,58722,59348,59715
Lancaster city, Pennsylvania,59335,59458,59462,59470,59518,59581,59646,59708
St. Clair Shores city, Michigan,59754,59745,59906,60076,59976,59831,59700,59635
Owensboro city, Kentucky,57465,57714,58105,58291,58337,58891,59121,59404
Sanford city, Florida,53781,54196,54780,56152,57544,58191,58806,59317
Springfield city, Ohio,60573,60288,60100,59884,59739,59436,58902,59208
Porterville city, California,57437,57866,58072,58241,58344,59083,59059,59145
Royal Oak city, Michigan,57253,58141,58480,58860,58984,58930,59051,59112
Ocala city, Florida,56424,56570,56664,56694,57097,57670,58422,59110
Bartlett city, Tennessee,57012,57343,58190,58182,58319,58639,58878,59102
San Rafael city, California,57803,58261,58522,59096,59275,59252,59131,59070
White Plains city, New York,56970,57272,57413,57914,58077,58455,58499,59047
Great Falls city, Montana,59212,59361,59246,59477,59296,59226,58845,58876
Bowie city, Maryland,55494,56103,56687,57279,57972,58455,58699,58859
Huntington Park city, California,58132,58392,58650,58897,59106,59161,58962,58822
Arcadia city, California,56392,56713,56985,57433,57768,58121,58570,58799
Orland Park village, Illinois,56725,56995,57266,58503,58644,58609,59059,58765
Margate city, Florida,53410,54379,55069,55549,56017,57119,58152,58430
Dubuque city, Iowa,57682,57931,58137,58444,58517,58548,58228,58276
Des Plaines city, Illinois,58462,58697,58956,59086,59093,58831,58510,58193
Santee city, California,53647,54566,55475,56267,56970,57635,57876,58113
Corvallis city, Oregon,54393,54554,54950,54568,55362,56242,56945,57961
Kokomo city, Indiana,58062,58063,58061,58051,58000,57834,57657,57836
Casper city, Wyoming,55249,56104,57692,59480,59711,59999,58906,57814
Medford city, Massachusetts,56311,56730,57193,57442,57513,57823,57876,57797
Gilroy city, California,48948,49674,50757,51944,52585,53260,55396,57664
Hendersonville city, Tennessee,51468,52250,52896,53791,54829,55562,56526,57517
Greenwood city, Indiana,51224,52073,52838,53700,54482,55307,56368,57375
Midwest City city, Oklahoma,54578,55335,56185,56804,57078,57244,57392,57308
St. Peters city, Missouri,52773,53366,54028,54802,55990,56714,57151,57178
Taunton city, Massachusetts,55898,55927,56052,56184,56737,56914,57002,57139
New Brunswick city, New Jersey,54925,55452,55745,56411,56574,56802,57082,57073
Grand Forks city, North Dakota,53004,52686,53522,54871,55851,56567,56834,57056
Sarasota city, Florida,52182,52490,52940,53152,54027,54966,56391,56994
Smyrna city, Georgia,51318,51875,52590,53337,54769,55978,56600,56685
Tinley Park village, Illinois,56883,57055,57243,57348,57360,57219,57006,56668
Diamond Bar city, California,55584,55900,56198,56374,56458,56634,56827,56665
Weymouth Town city, Massachusetts,53823,54177,55045,55450,55693,55777,55865,56664
Bradenton city, Florida,49153,49478,50067,51044,52160,53735,54890,56508
Hanford city, California,54409,54610,54571,54811,55169,55703,55768,56499
Fountain Valley city, California,55484,56008,56433,56739,56840,56828,56631,56313
Richland city, Washington,48483,50219,51377,52172,52838,54000,54690,56243
Huntersville town, North Carolina,46957,48095,49337,50573,51633,52867,55155,56212
Shoreline city, Washington,53153,53748,54463,54851,55209,55431,55480,56189
Bonita Springs city, Florida,44069,45032,46358,47692,49421,51885,54366,56088
Oak Lawn village, Illinois,56734,56892,57052,57143,57092,56837,56524,56087
Valdosta city, Georgia,54975,55796,57178,56105,56341,55851,55819,56085
Novato city, California,51982,52712,53296,54242,55002,55592,56139,55980
Commerce City city, Colorado,46180,47488,48511,49661,51413,53089,54497,55923
Hempstead village, New York,54074,54221,55068,55625,55705,55700,55735,55806
Dearborn Heights city, Michigan,57636,57243,57053,56572,56505,56230,55965,55758
Berwyn city, Illinois,56676,56761,56863,56889,56770,56455,56067,55550
Chicopee city, Massachusetts,55287,55566,55762,55864,56236,55853,55434,55515
Port Arthur city, Texas,54502,54902,54567,54738,54526,55380,55587,55498
Casa Grande city, Arizona,48971,48854,49327,49562,51078,52400,53960,55477
Highland city, California,53226,53707,54016,54248,54443,54680,54864,55342
Pocatello city, Idaho,54335,54673,54758,54446,54410,54650,54718,55193
Kettering city, Ohio,56145,56007,55926,55757,55517,55339,55218,55175
Euless city, Texas,51427,52068,52761,53152,53543,54101,54786,55174
Hoboken city, New Jersey,50100,50989,51981,52948,53509,54033,55044,55131
Anderson city, Indiana,56147,55876,55521,55550,55345,55121,55094,55076
Palm Beach Gardens city, Florida,48745,49293,50072,50987,52190,53252,54288,55036
Blue Springs city, Missouri,52680,52761,53002,53191,53526,54054,54462,54945
Paramount city, California,54119,54386,54693,54996,55085,55163,55004,54909
West Haven city, Connecticut,55584,55563,55331,55240,55367,54967,54774,54843
Manhattan city, Kansas,52534,54093,56530,56009,55543,56113,54772,54832
Colton city, California,52276,52754,53028,53208,53829,54426,54632,54828
Carson City, Nevada,54988,54703,54362,53791,54155,54123,54283,54745
Caldwell city, Idaho,46516,47238,47657,48908,50076,51481,53039,54660
Cathedral City city, California,51485,52138,52576,52969,53326,53667,54094,54596
Rosemead city, California,53809,54082,54337,54549,54616,54655,54584,54554
Rocky Mount city, North Carolina,57696,57429,56780,56355,55950,55108,54979,54523
Stonecrest city, Georgia,50256,50817,51642,52159,52768,53541,54148,54471
Lake Havasu City city, Arizona,52578,52769,52774,52761,53003,53387,53793,54411
Decatur city, Alabama,55811,55881,55794,55422,55220,54966,54605,54405
Normal town, Illinois,52635,53075,53964,54576,54402,54172,54251,54284
West New York town, New Jersey,49897,50747,51371,52041,52597,53773,54014,54227
Harrisonburg city, Virginia,49015,49998,51355,51635,52658,52869,53943,54215
Leesburg town, Virginia,43055,44589,46110,47817,49447,51045,52617,54215
Parker town, Colorado,45516,46067,46993,48307,49447,51026,52657,54202
Watsonville city, California,51279,51626,51960,52509,53073,53664,53910,54098
Southaven city, Mississippi,49119,49719,50371,50944,51681,52442,53107,54031
Revere city, Massachusetts,51844,52621,53182,53643,53682,53960,53958,53993
Grapevine city, Texas,46608,47087,48482,50183,50789,51498,52104,53982
Mount Prospect village, Illinois,54226,54371,54527,54705,54891,54680,54368,53930
Elyria city, Ohio,54497,54327,54166,54097,54067,53914,53880,53883
Yucaipa city, California,51508,52020,52384,52676,52882,53146,53343,53683
DeSoto city, Texas,49345,50204,51232,51626,52067,52607,53079,53568
Lenexa city, Kansas,48306,48861,49356,50280,50925,52371,52918,53553
Brookhaven city, Georgia,49372,49914,50713,51216,51807,52554,52909,53518
West Sacramento city, California,48853,49143,49616,50080,51779,52564,53059,53512
Albany city, Oregon,50337,50921,50997,50930,51334,51651,52660,53503
Bellevue city, Nebraska,51648,51874,52425,52816,52712,52979,53290,53424
Kingsport city, Tennessee,52748,52707,52535,52611,52627,52566,52358,53374
Wheaton city, Illinois,53062,53346,53507,53695,53714,53698,53488,53373
Tigard city, Oregon,48302,49094,49687,50280,50590,51012,51768,53148
Delano city, California,53133,53660,52481,52427,52572,52660,52752,53138
Minnetonka city, Minnesota,49797,50651,51257,51492,51600,51790,52519,53085
Burlington city, North Carolina,50977,51009,51050,51182,51365,51762,52123,53077
Peabody city, Massachusetts,51377,51614,51878,52215,52447,52658,52804,52987
Milford city (balance), Connecticut,51325,51438,51607,51775,52061,52235,52685,52970
Palm Desert city, California,48693,49284,49843,50445,51017,51663,52182,52932
Pinellas Park city, Florida,49298,49712,50001,50350,51269,51893,52520,52854
Perth Amboy city, New Jersey,50945,51287,51900,52250,52546,52518,52690,52823
Pensacola city, Florida,52022,51892,52482,52385,52856,52869,52765,52590
Elkhart city, Indiana,51860,51940,52013,52187,52329,52583,52567,52558
Glendora city, California,50517,50808,51039,51392,51365,52102,52250,52445
Apple Valley city, Minnesota,49155,49506,49749,49964,50221,50962,51938,52435
Joplin city, Missouri,50898,51145,50233,50661,51173,51548,51973,52288
Oak Park village, Illinois,51901,51986,52076,52231,52129,52425,52132,52261
Placentia city, California,51008,51558,51947,52235,52262,52375,52343,52157
Edina city, Minnesota,48038,48691,49224,49550,49744,50297,51500,51958
La Crosse city, Wisconsin,51375,51219,51956,51866,52125,52008,51836,51834
Kentwood city, Michigan,48735,49169,49706,50295,50796,51309,51679,51747
Aliso Viejo city, California,48237,48951,49570,50096,50120,50096,51490,51671
Burien city, Washington,48191,48761,49503,49949,50254,50501,51177,51671
Olympia city, Washington,46950,47569,47965,48366,49219,49766,50660,51609
Hoffman Estates village, Illinois,51941,52115,52278,52365,52325,52107,51895,51567
Apopka city, Florida,41957,43310,44674,45832,47404,48665,49922,51564
Florissant city, Missouri,52272,52434,52409,52320,52239,52116,51712,51443
Grand Island city, Nebraska,48824,49448,49981,50431,50974,51098,51332,51390
Plainfield city, New Jersey,49810,50051,50349,50741,50980,51231,51140,51327
Battle Creek city, Michigan,52303,51955,51810,51708,51684,51474,51369,51286
St. Cloud city, Florida,37840,39335,41058,42406,44528,46621,48349,51282
Logan city, Utah,48456,49064,49096,49079,49055,49813,50697,51115
Coral Gables city, Florida,46975,48083,49603,50366,50895,51092,51171,51095
Cerritos city, California,49059,49282,49500,49647,49705,49745,50591,51020
Coeur d'Alene city, Idaho,44281,44983,45505,46236,47631,48769,49836,50665
Galveston city, Texas,47795,47567,48125,48711,49322,49765,50279,50497
Apex town, North Carolina,37803,38850,40509,42229,43928,45540,47439,50451
Summerville town, South Carolina,42886,43695,44425,45663,47072,48933,49045,50388
Collierville town, Tennessee,45666,45932,46429,47334,48749,48981,49481,50286
Methuen Town city, Massachusetts,47360,47717,48036,48626,49292,49745,49915,50259
Lakewood city, Ohio,52031,51667,51405,51224,51058,50780,50500,50249
Enid city, Oklahoma,49502,49442,49901,50703,51041,51404,50785,50122
Poway city, California,47961,48666,49084,49480,49774,50018,50080,50041
Troy city, New York,50084,50031,49879,49973,50038,49882,49703,49565
Saginaw city, Michigan,51387,51021,50725,50261,49773,49201,48869,48677
Niagara Falls city, New York,50139,49902,49677,49490,49252,48941,48687,48460
Charleston city, West Virginia,51277,50970,50838,50635,50109,49431,48769,47929
